number,redshift,ra,dec,expl_epoch,detected
0,0.015966,140.138306,-25.787894,58671.205026,False
1,0.020264,327.186987,66.792119,57737.529159,False
2,0.021466,49.022435,69.278126,58619.688732,False
3,0.012657,227.165096,61.341949,58710.636764,False
4,0.006544,184.791776,51.523543,57401.941061,False
5,0.021085,202.904375,7.785527,58457.901418,False
6,0.020216,199.736999,18.578363,58277.679605,False
7,0.023069,133.294539,43.171639,58903.374840,False
8,0.024822,344.096253,32.403466,57892.136812,False
9,0.019719,147.199554,-27.918714,58034.070609,False
10,0.019725,194.159755,68.741024,58910.700793,False
11,0.022623,67.882450,21.700588,58814.181921,False
12,0.021204,47.250872,41.693834,57401.541539,False
13,0.020271,58.828600,15.958255,57610.412311,False
14,0.019056,93.867700,55.542431,57906.463415,False
15,0.016464,302.158254,58.641320,58151.924057,False
16,0.013844,67.249594,75.944793,58510.008225,False
17,0.024512,217.374001,14.464215,58664.682939,True
18,0.013343,159.439393,75.300668,58285.125135,False
19,0.021027,316.942806,76.258883,58606.764768,False
20,0.019486,241.781412,11.822016,57558.804194,False
21,0.021635,350.260428,-29.826953,58322.237073,False
22,0.016168,309.331115,-20.455809,58358.892677,False
23,0.018225,233.594613,13.165634,57898.814134,False
24,0.024167,333.119736,48.417936,59007.554795,False
25,0.024483,238.026550,58.819864,57772.833242,False
26,0.014988,18.096683,25.192406,58477.825953,True
27,0.012053,43.838126,-17.881124,57455.983789,False
28,0.024258,104.808484,66.609680,58583.816853,False
29,0.015905,136.225456,24.432960,58052.120494,False
30,0.008641,267.899030,33.139430,58981.050154,True
31,0.016693,271.103369,24.357419,59002.966132,True
32,0.016117,307.074743,46.361879,57809.121908,False
33,0.008806,268.130400,77.944395,57982.837817,False
34,0.020867,186.735686,14.379534,58332.597387,False
35,0.014443,105.878935,68.623775,57983.904427,False
36,0.022724,258.904997,-25.752222,58354.824027,False
37,0.024227,177.598962,-36.384379,57628.975354,False
38,0.016824,267.417555,39.808590,58860.666311,False
39,0.012408,94.224922,16.570357,58866.133450,False
40,0.015444,325.534496,62.793446,58824.431014,False
41,0.021226,22.654267,52.091245,57944.449144,False
42,0.021061,159.717981,-21.421884,57654.575318,False
43,0.022262,320.574936,58.507748,58870.441281,False
44,0.010046,147.798288,15.710158,57427.074030,False
45,0.023682,192.023247,-6.640686,57628.468612,False
46,0.015424,83.712641,49.885614,58385.970730,False
47,0.022483,303.010267,21.845917,58828.807838,False
48,0.022978,82.019551,3.804655,58534.264383,False
49,0.017827,77.640487,-35.015703,58814.750547,True
50,0.024326,71.762595,17.914220,58422.188271,False
51,0.024063,159.424738,-27.973917,58391.957920,False
52,0.019390,133.363022,62.129957,58173.256356,False
53,0.012774,238.935027,14.145409,57760.278278,True
54,0.018039,51.584652,49.559622,57855.307206,False
55,0.009459,121.181610,17.733690,58501.765918,False
56,0.011137,164.762225,-8.630410,57486.109205,False
57,0.020957,195.411773,35.694483,57746.455150,False
58,0.021952,310.638751,61.187914,57801.339298,False
59,0.016629,283.054666,-35.647613,57429.150239,False
60,0.024667,63.360443,41.127062,58824.240706,False
61,0.024781,21.087676,71.742473,58518.228480,False
62,0.014716,154.241349,29.107313,58941.181515,False
63,0.020867,207.710653,16.521250,58937.406416,False
64,0.023270,167.321531,42.324694,57395.733481,False
65,0.013145,56.886870,22.528912,58746.540084,False
66,0.020797,204.205655,-16.624810,58283.588846,True
67,0.023793,65.401705,76.793369,58359.343515,False
68,0.019664,96.096131,75.099675,57533.537923,False
69,0.011104,234.874665,11.554858,58043.288034,False
70,0.021284,177.775039,41.881790,58216.936460,False
71,0.024045,229.412689,8.208400,58031.461757,False
72,0.017564,310.684548,77.026132,58015.878644,False
73,0.018363,3.989272,-36.607068,57881.165950,False
74,0.022673,244.502347,65.590176,58967.694998,True
75,0.021827,296.242201,28.269280,58509.118400,False
76,0.021076,176.076969,-6.732112,58094.974861,False
77,0.010921,29.798782,49.523632,58384.904317,False
78,0.021558,162.737874,75.905193,57382.091895,False
79,0.021783,56.499396,30.391586,58234.555157,False
80,0.013320,286.625699,69.455931,58809.108286,False
81,0.024808,96.206952,45.858833,58653.410628,False
82,0.006192,90.231949,-3.654317,58528.946539,False
83,0.008310,146.110188,-9.549651,58635.780655,False
84,0.024069,196.186954,0.426903,58937.033937,False
85,0.023037,70.757752,62.937618,58462.545467,False
86,0.019759,349.033659,59.018723,57592.901939,False
87,0.015838,317.001981,-29.554076,57624.099184,False
88,0.019986,143.621620,-33.163012,58396.141750,False
89,0.024061,134.605171,-25.052842,58158.820025,False
90,0.014953,340.111375,61.066850,57968.404753,False
91,0.016575,17.034011,36.589735,57584.212895,False
92,0.024401,274.360565,6.914090,58119.490208,False
93,0.012537,56.951371,68.074759,58919.737543,False
94,0.019651,51.626255,-34.717167,58210.672030,False
95,0.016040,115.415841,3.647763,58163.137237,True
96,0.021517,51.779914,-16.530782,58929.255449,False
97,0.018433,246.053418,1.011022,57669.657221,False
98,0.020372,313.348308,13.345719,58669.026389,False
99,0.017678,125.761460,58.533562,58368.733475,False
100,0.023373,75.679749,-30.461733,57413.213507,False
101,0.019432,247.330116,-37.644856,58039.036599,False
102,0.024354,50.997535,35.404217,57803.992364,False
103,0.009543,163.596382,30.606654,58245.666464,False
104,0.017696,292.755625,9.702355,57852.300270,False
105,0.018888,94.954605,78.245825,57786.562608,False
106,0.022995,326.103706,55.043615,57710.723801,False
107,0.024614,206.831781,52.435200,57510.083036,False
108,0.014251,54.731658,-0.631279,57734.155058,False
109,0.013770,44.329499,46.570365,58974.723349,False
110,0.019242,28.315113,61.476463,58947.178005,False
111,0.019210,228.328029,-18.506553,58498.184799,False
112,0.013863,46.765658,-9.423221,58101.607250,False
113,0.023292,121.782268,13.711991,58067.558974,False
114,0.020709,90.554001,60.607673,57606.532179,False
115,0.016173,170.382796,64.703266,58081.677652,False
116,0.019556,293.329915,70.759208,58572.694350,False
117,0.013093,261.703847,-2.247338,58907.419984,False
118,0.016776,216.158940,27.673994,58084.018336,False
119,0.021165,133.050663,44.782773,58110.245779,False
120,0.021703,262.423829,-37.725704,58572.313236,False
121,0.013838,163.225391,38.754325,57703.792600,False
122,0.020711,89.524551,40.313414,58163.837339,False
123,0.018942,71.384052,65.072289,58126.581861,False
124,0.015012,49.230248,-34.174082,58031.012213,False
125,0.018371,305.756941,1.873093,58485.298865,False
126,0.022382,157.191002,59.177171,57810.629621,False
127,0.017273,202.806630,72.209631,57872.032017,False
128,0.019211,152.466608,45.173156,57767.742083,False
129,0.018187,289.646107,-13.617735,58097.042298,False
130,0.021004,298.773282,-5.233432,57873.957312,False
131,0.013586,174.069792,56.611158,58606.573328,False
132,0.023868,28.124421,12.436746,58664.719946,False
133,0.019273,245.644420,-8.614987,57477.250984,False
134,0.024908,319.830181,48.343309,58731.598571,False
135,0.020119,145.977690,-27.542136,58341.983267,False
136,0.020347,276.126546,-4.430111,57678.527543,False
137,0.020959,308.639300,-39.580298,58598.477475,False
138,0.024842,112.260559,25.201433,58400.776643,False
139,0.020415,124.183716,57.217288,58742.842488,False
140,0.017436,218.394792,9.559529,58353.540936,False
141,0.023242,142.183929,-2.209521,58430.057970,False
142,0.020766,332.152544,25.628014,57704.061823,False
143,0.015277,342.838421,37.650500,59002.563983,False
144,0.017552,275.455143,35.918149,58859.678321,False
145,0.021726,62.704556,5.822645,57645.990905,False
146,0.011657,96.147952,-10.299562,57467.219702,False
147,0.011515,81.901426,-14.035739,58043.926789,False
148,0.023257,72.697647,-38.098096,58276.598116,False
149,0.023331,39.060636,8.980701,58181.438481,False
150,0.018378,109.631304,-22.567044,58911.038699,False
151,0.010599,340.795226,4.524922,57629.826649,True
152,0.016367,287.361884,79.124137,57830.902317,False
153,0.014856,72.162540,19.404470,57723.972587,False
154,0.023286,56.766830,-11.652937,58584.559282,False
155,0.024929,22.857091,39.532998,58587.937167,False
156,0.018936,164.328383,-1.742578,58972.235001,False
157,0.020179,164.810051,43.666905,58428.521864,False
158,0.011362,137.076547,55.751234,57635.179753,False
159,0.015129,104.629458,49.614376,58444.973543,False
160,0.008800,39.258476,4.781225,58375.925055,True
161,0.006012,169.138335,-30.182632,57503.280573,False
162,0.022062,356.335476,10.523990,58010.263013,False
163,0.019529,198.140143,25.973182,58930.298492,True
164,0.013385,35.583573,48.972919,57760.657688,False
165,0.019485,93.862131,-31.277051,58887.623854,False
166,0.024519,130.845936,-39.967848,57411.032044,False
167,0.014493,85.567849,78.706096,58387.257492,False
168,0.008740,78.635091,-28.246316,58017.686271,True
169,0.011218,189.990741,-34.719952,57832.283774,True
170,0.019995,119.457514,9.985755,58926.964807,False
171,0.024991,235.162044,20.065271,58249.772695,False
172,0.024091,214.562569,-37.946635,58809.350010,False
173,0.022079,167.056949,-27.122862,58553.634345,False
174,0.018712,70.935253,-24.091967,58020.052491,True
175,0.024568,202.134915,49.324097,58855.308521,False
176,0.024528,23.845671,35.159304,58843.965593,False
177,0.009277,36.693061,35.586985,57678.640931,False
178,0.023468,28.679548,2.862755,58156.831093,False
179,0.024699,302.243482,16.806659,58759.177676,False
180,0.012961,82.506849,74.985747,57784.223248,False
181,0.020640,224.407431,60.425034,58790.454169,False
182,0.019613,59.992812,22.646334,58109.041773,False
183,0.020335,278.255169,12.701022,57602.297859,False
184,0.019031,87.477923,-29.163836,57830.539289,False
185,0.018135,355.758567,40.290040,57566.961793,False
186,0.012665,66.885859,62.211519,58050.642139,False
187,0.017179,9.720353,34.303181,58277.102580,False
188,0.020511,163.840384,49.798559,58085.867246,False
189,0.024190,38.897604,17.597965,58635.722222,False
190,0.019451,82.112519,42.130135,57433.798965,False
191,0.022247,165.105799,69.472031,58695.500644,False
192,0.023444,144.385052,57.931761,58384.423623,False
193,0.024603,182.379106,-0.824999,58636.080588,False
194,0.022909,249.743909,73.052608,58541.359830,False
195,0.021623,8.751389,69.162284,58075.302274,False
196,0.018199,322.291892,-4.177023,57430.077053,False
197,0.022739,85.147957,62.724452,58774.639115,False
198,0.021164,199.614555,-17.760314,58700.846014,False
199,0.021564,105.504295,50.960445,57736.391594,False
200,0.019292,29.448124,45.660375,57897.227931,False
201,0.011159,359.270456,16.708825,57617.144296,True
202,0.020729,139.264576,52.758329,59011.230325,False
203,0.021575,198.341738,19.135426,57714.401278,False
204,0.016495,217.595635,47.472299,57388.348346,False
205,0.024800,43.828645,24.390666,57460.203314,False
206,0.022215,203.764961,-2.203737,57871.894112,False
207,0.018752,265.360215,6.227886,58259.311087,False
208,0.023252,262.317012,-1.816971,57534.857821,False
209,0.020351,123.116193,-36.372343,58588.166229,False
210,0.019901,358.349852,-22.543362,57793.775939,False
211,0.021586,40.405480,13.065244,58697.791532,False
212,0.010863,341.063553,35.823017,58744.209210,True
213,0.021439,202.954013,39.774051,57451.744919,False
214,0.020519,253.898798,36.314054,58113.172124,False
215,0.012927,126.019742,-12.483771,58434.169048,False
216,0.019540,94.215781,43.123647,58772.655663,False
217,0.021512,157.886178,24.649452,58026.970231,False
218,0.023157,88.369300,71.469765,58432.546796,False
219,0.024263,178.829921,60.629342,57872.367824,False
220,0.021576,276.358928,50.744621,57495.215621,False
221,0.024909,325.879486,-25.951940,58756.799342,False
222,0.024987,19.237104,29.159092,58288.989232,False
223,0.023129,131.165510,-1.848058,57559.612501,False
224,0.020335,291.592734,-1.327543,58667.653845,False
225,0.022768,354.691567,26.608404,57688.081054,False
226,0.024838,245.386265,74.400089,58357.069632,False
227,0.024701,304.581464,45.751456,57858.673288,False
228,0.023461,197.887100,39.963116,58161.106672,False
229,0.022507,48.888367,79.211807,58718.737038,False
230,0.005921,173.405738,75.417508,58457.063539,False
231,0.017553,172.786611,54.403741,57792.767752,False
232,0.012277,187.676760,13.168265,57661.451072,False
233,0.021334,45.598870,-5.676469,57957.625745,False
234,0.023587,282.961405,42.745141,57997.929388,False
235,0.010517,320.952162,17.402214,58273.787259,False
236,0.024473,151.254881,1.575361,58765.617186,False
237,0.018196,164.193431,26.231088,58883.762204,False
238,0.021870,113.788066,-19.988304,58543.507213,False
239,0.022739,317.445790,65.928438,57454.830013,False
240,0.018504,130.496066,-25.651281,58530.577673,False
241,0.017541,233.741216,37.976974,57741.681906,False
242,0.017216,336.678452,79.009888,58163.527335,False
243,0.024008,312.724117,2.851649,57867.266808,False
244,0.023883,161.295962,-10.313748,57732.776275,False
245,0.019711,23.332165,52.971124,58123.481312,False
246,0.024522,346.917158,75.403393,58135.156115,False
247,0.024531,168.554670,17.063087,58788.805078,False
248,0.020294,140.554011,59.896613,58589.240803,False
249,0.021874,95.763717,30.575199,58118.406319,False
250,0.021080,328.650008,32.933982,58244.003351,False
251,0.021849,10.563697,-10.568666,58541.181298,False
252,0.018838,90.175195,19.356001,57642.576619,False
253,0.016478,250.616700,28.357635,57459.080793,False
254,0.010587,72.702708,16.434790,58908.657472,False
255,0.023562,343.191360,-36.212286,57614.496914,False
256,0.021647,349.662163,39.392834,58123.962228,False
257,0.022659,48.651292,-36.888648,57555.689811,False
258,0.023323,90.182434,-6.467379,58587.007186,False
259,0.016782,354.983637,-14.585326,58520.509551,False
260,0.014623,73.385395,-5.492251,58027.139649,True
261,0.013818,307.315545,-22.173856,57820.140669,False
262,0.020189,268.898148,17.577257,58467.860659,False
263,0.021948,303.068787,-13.346407,58557.936597,False
264,0.006616,61.917169,-12.400446,58174.675706,False
265,0.022485,239.532223,31.115407,58030.115594,False
266,0.017328,326.942941,-18.922899,58338.517473,False
267,0.022233,192.604142,2.858758,57703.454153,False
268,0.013779,324.813015,-7.654856,58333.883007,False
269,0.021721,2.178504,20.223579,58123.274476,False
270,0.017246,24.307442,19.538123,58321.077089,False
271,0.016082,152.254244,36.622015,58372.172437,False
272,0.024091,64.668006,12.268682,58805.980704,False
273,0.008533,138.106810,76.019954,58392.937463,False
274,0.012728,108.763207,-38.581629,57880.727920,False
275,0.020124,173.952285,36.155724,58898.788578,False
276,0.022112,37.539255,62.728156,57850.712073,False
277,0.018477,88.280314,36.769179,58402.694921,False
278,0.016458,205.616258,-18.599861,58283.108461,True
279,0.011517,19.329689,-11.349414,58866.773399,True
280,0.022897,171.670301,3.028487,58391.183351,False
281,0.022298,219.675415,66.525060,58743.319649,False
282,0.024781,110.907771,19.157645,58058.353623,False
283,0.013192,116.043038,-8.294799,58540.203900,True
284,0.021681,68.109038,6.558289,57983.959394,False
285,0.019224,153.146923,59.009781,58439.585309,False
286,0.016854,67.767379,-12.723321,57870.909135,False
287,0.015961,38.889932,1.643995,58820.384843,False
288,0.008862,283.278670,-1.969969,58220.975596,False
289,0.021413,23.339632,42.600511,58980.754535,False
290,0.019921,151.669526,4.916889,58202.326238,False
291,0.021461,23.876075,-12.479286,57565.161096,False
292,0.010758,131.601057,48.563444,58334.939817,False
293,0.004962,333.344250,2.045046,58686.187390,True
294,0.013416,86.419693,-5.335294,58775.851195,False
295,0.023195,38.842145,27.645919,58581.255896,False
296,0.011778,332.717739,3.918758,57408.961068,False
297,0.017310,162.176261,73.449625,58432.473479,False
298,0.018935,302.270458,-23.184549,57818.714054,False
299,0.014464,68.573876,32.844095,57672.286113,False
300,0.009166,251.051961,76.875868,57536.510976,False
301,0.023609,4.142013,32.842144,57669.592877,False
302,0.024071,105.187626,36.827466,58943.601749,False
303,0.024923,288.663631,69.476777,58268.821972,False
304,0.018993,341.664865,10.970054,58607.196340,False
305,0.023263,47.354972,42.214884,58509.877073,False
306,0.012923,338.405269,0.109555,58743.689179,True
307,0.016611,90.544172,-32.834143,58336.638294,False
308,0.018671,99.973013,54.994245,58529.979198,False
309,0.018358,51.578354,19.858164,58416.044575,False
310,0.007735,154.242406,75.416079,58608.510007,True
311,0.009163,152.594554,21.424288,58571.907392,True
312,0.018633,258.156014,5.598687,57967.372175,False
313,0.022656,2.801448,79.862872,58003.585729,False
314,0.022640,180.155727,58.019345,58056.269686,False
315,0.019521,194.198276,15.707498,58877.837336,False
316,0.019577,309.032629,47.793269,58739.542452,False
317,0.014301,238.788344,49.491103,58353.244737,False
318,0.023878,121.855381,-31.492728,58797.369956,False
319,0.022166,300.292979,69.647275,58639.565193,False
320,0.020100,275.730005,64.246745,57634.744843,False
321,0.023359,84.095232,76.732440,57410.483727,False
322,0.022922,356.133379,65.208562,58173.322541,False
323,0.015557,356.669530,-28.294070,57884.504439,False
324,0.021020,249.613443,-5.541421,58422.880257,False
325,0.023136,216.281860,46.102730,58544.076985,False
326,0.014816,144.491550,-5.067631,58304.796378,False
327,0.013385,79.989166,64.744503,58470.381324,False
328,0.019500,32.609326,-4.972002,57642.007524,False
329,0.011174,38.430859,45.124794,57591.195413,False
330,0.019661,225.434359,58.762018,58010.168991,False
331,0.015301,88.011958,68.934507,57916.186039,False
332,0.014451,43.472259,-8.040430,58898.942064,True
333,0.022125,231.960887,-19.629503,58447.439354,False
334,0.023552,92.448241,-4.035764,58133.389600,False
335,0.018016,96.804177,-36.769131,58443.253363,False
336,0.015422,37.194796,23.938934,58243.363519,False
337,0.023155,171.890901,-32.061469,58894.000950,False
338,0.024931,291.342248,21.530125,58160.583004,False
339,0.019680,118.297934,45.742471,58051.268168,False
340,0.011691,151.777976,-26.915770,57404.374956,False
341,0.020037,144.034727,33.864384,58381.771473,False
342,0.022794,159.807071,13.664683,58821.179225,False
343,0.022842,200.137181,-10.897618,58714.690901,False
344,0.023509,135.823833,71.928466,58141.574310,False
345,0.014565,119.227924,-11.121415,57569.197025,False
346,0.023745,43.084861,-23.145920,57896.631605,False
347,0.022978,110.244852,-16.432443,58217.127105,False
348,0.010126,328.458950,-39.231634,58421.887541,False
349,0.011874,156.901924,50.423684,57552.896600,False
350,0.015220,85.187489,44.090124,57864.849676,False
351,0.023865,90.299058,-9.297490,58967.969972,False
352,0.017300,106.118775,52.241649,58291.592805,False
353,0.017411,117.318976,5.778672,57455.638456,False
354,0.024343,214.426380,-13.686939,57940.121831,False
355,0.023241,70.748982,-13.874210,58292.886257,False
356,0.019607,207.278649,47.621823,57403.336139,False
357,0.011158,101.555987,73.966810,57726.484056,False
358,0.024983,90.286389,-12.644092,58526.505940,False
359,0.015148,121.325151,73.561696,58602.026282,False
360,0.018039,194.889000,-8.737537,58688.546453,False
361,0.018461,44.877023,-38.473951,58979.184957,False
362,0.015517,154.895640,41.457753,57737.028482,False
363,0.020228,133.857476,17.288480,57946.925992,False
364,0.015474,241.191774,64.814173,57930.725708,False
365,0.021540,308.749809,-31.141770,57537.892267,False
366,0.018716,299.725398,-24.148025,58439.061652,False
367,0.019926,90.435226,75.519311,57588.167246,False
368,0.020477,137.573147,18.375844,57458.670104,False
369,0.024024,287.414823,11.754271,58210.023670,False
370,0.007151,123.699691,-30.656018,58426.833392,False
371,0.023702,270.864187,-29.811883,58166.910875,False
372,0.011944,123.844767,9.865057,57576.373463,False
373,0.015372,289.274870,7.838988,58878.347166,False
374,0.021569,117.382088,-23.827094,58079.147783,False
375,0.020652,189.784553,76.022109,58867.659209,False
376,0.023103,60.288138,63.539395,58801.517218,False
377,0.024352,189.021463,61.121177,57665.430128,False
378,0.024774,55.893345,64.278683,57506.970999,False
379,0.023250,23.230684,25.580061,57799.857376,False
380,0.021796,28.151910,-12.212051,57888.327026,False
381,0.009192,229.537881,4.883384,57436.236719,False
382,0.020144,155.367631,58.058225,58558.154321,False
383,0.017176,252.059831,41.409614,58709.759734,False
384,0.019287,218.569469,12.393116,57939.495398,True
385,0.023688,314.845824,-38.871934,58833.447268,False
386,0.022202,105.653112,56.190301,58327.515289,False
387,0.014919,338.121186,-39.495859,57421.445839,False
388,0.021050,169.552536,77.047439,58510.435660,False
389,0.014804,26.773546,-26.557484,58472.147988,False
390,0.020305,176.082199,-21.705576,58213.583723,False
391,0.011131,333.130414,-14.700060,57759.206716,False
392,0.021454,27.255803,-39.810080,57443.197027,False
393,0.020893,233.219482,-21.421414,57833.336485,False
394,0.024556,175.029991,17.533247,58148.197071,False
395,0.019581,194.415529,21.478821,58230.181281,True
396,0.022440,147.768543,-4.214487,58818.261033,False
397,0.018082,189.371367,-7.165916,57433.530274,False
398,0.015425,296.842333,11.010605,58723.789324,False
399,0.020416,84.265551,43.583808,57965.678493,False
400,0.014620,244.525558,55.470718,58626.929825,False
401,0.019517,11.294295,9.642124,57822.108771,False
402,0.022540,267.365273,53.187617,58115.152541,False
403,0.018595,79.709464,37.763331,58630.904625,False
404,0.017503,258.252016,-15.368443,58042.339810,False
405,0.020493,133.156335,74.515619,57692.862973,False
406,0.014964,81.221099,59.560027,58779.298338,False
407,0.015638,61.558406,-16.489546,57753.425226,False
408,0.022692,114.287614,-2.563374,58679.494726,False
409,0.019380,239.232345,13.646830,58818.520870,False
410,0.011495,315.244819,23.047308,57538.753933,False
411,0.013240,269.786795,-9.041915,57869.880795,False
412,0.020367,142.782900,21.896733,57739.164421,False
413,0.019533,321.265406,16.321819,58758.794366,False
414,0.010114,13.964919,40.473009,58944.437118,False
415,0.019509,178.983362,29.607718,57837.168823,False
416,0.013486,84.720402,8.869952,58109.053415,False
417,0.020999,196.676617,76.090688,57487.397245,False
418,0.018824,214.317625,70.312858,58787.730719,False
419,0.013258,274.202693,-3.784241,58538.998284,False
420,0.007529,271.231737,71.546264,58310.787371,False
421,0.005178,51.623418,-6.451850,58294.818719,False
422,0.013364,182.260876,77.004041,57557.881859,False
423,0.017377,122.914484,31.043017,58498.402234,True
424,0.024998,57.829172,2.181106,58976.788413,False
425,0.020755,99.760325,-19.532152,57564.530510,False
426,0.015214,203.999353,10.906007,57633.642864,False
427,0.012520,152.488301,-17.783716,57684.245569,False
428,0.011247,220.101163,0.310276,57706.735409,False
429,0.022985,299.785130,52.996722,58938.113093,False
430,0.023337,32.133177,-28.256239,58718.531598,True
431,0.023874,50.637867,-20.964115,57888.424067,False
432,0.023201,149.265434,-15.505604,57779.308668,False
433,0.022157,151.330243,60.624243,58761.309552,False
434,0.019068,115.502883,20.232352,58169.070043,False
435,0.019301,153.919263,-14.344697,58289.104743,False
436,0.020521,32.995087,7.341177,57766.503956,False
437,0.021051,245.167487,-1.272338,58558.793540,False
438,0.021386,255.847970,-16.770183,57892.423941,False
439,0.020992,300.054188,29.083846,58300.647295,False
440,0.021423,56.458088,-13.395035,58115.522412,False
441,0.018645,135.889393,-6.428809,58101.591257,False
442,0.022504,111.309195,79.874031,58762.471417,False
443,0.018030,58.599256,58.628665,58807.914578,False
444,0.021730,1.744656,0.576433,57794.825506,False
445,0.023977,239.519909,-32.872686,58964.375741,False
446,0.016714,345.909773,30.908451,58546.132862,False
447,0.022853,218.823084,28.787236,58539.631841,False
448,0.014535,343.761585,9.258999,57865.427720,False
449,0.021103,179.463818,-8.566442,58341.620663,False
450,0.012176,226.018248,61.720236,58703.809102,False
451,0.024467,246.774427,76.024273,58237.091298,False
452,0.023733,266.161617,64.615634,57514.695583,False
453,0.023462,44.046856,12.730215,58513.402813,False
454,0.017671,204.874210,49.503163,57837.334807,False
455,0.015384,279.697653,71.937770,58677.930377,False
456,0.022581,263.942575,-7.717044,57543.273283,False
457,0.009484,83.112943,78.596112,58411.931405,False
458,0.010375,134.931048,21.863423,57494.948731,False
459,0.015943,270.280776,32.075155,58857.294269,False
460,0.018938,31.455209,65.095934,58916.151928,False
461,0.013862,175.647969,26.159991,58579.257691,False
462,0.016428,270.656493,-6.738724,57789.348154,False
463,0.024912,274.915585,64.086684,58717.512000,False
464,0.014747,185.700086,71.328201,58729.869398,False
465,0.012380,340.543494,69.896554,57542.410906,False
466,0.021356,11.326266,10.750502,59001.034770,False
467,0.012452,244.846682,66.251250,58223.491576,False
468,0.018363,196.541881,-10.643733,57417.142526,False
469,0.013330,99.133829,78.762979,58866.466679,False
470,0.016160,165.229723,62.343714,58694.137478,False
471,0.023179,81.515106,14.922794,58515.059374,False
472,0.016461,193.209326,-15.388922,58656.862980,False
473,0.021881,181.009684,29.676794,57921.118204,False
474,0.014949,183.556449,57.544272,57902.218597,False
475,0.010164,60.725338,58.248778,57926.730050,False
476,0.022609,37.796457,2.150160,58630.226854,False
477,0.018362,23.252770,60.579076,58256.305050,False
478,0.022566,264.210091,78.000524,58791.536955,False
479,0.023622,40.047700,15.472282,57840.559590,False
480,0.020373,5.861943,28.318690,58127.195801,False
481,0.017673,122.581946,28.140965,57721.065284,False
482,0.024708,194.054754,33.802395,57442.045723,False
483,0.018974,177.055145,10.047457,58930.266580,True
484,0.023020,29.294282,57.245408,57475.541546,False
485,0.020259,140.054416,63.158115,58971.519374,False
486,0.024764,156.306484,37.028786,57514.536880,False
487,0.010069,73.489879,-37.433791,58966.227172,False
488,0.014299,248.942073,-28.800135,57489.509465,False
489,0.023174,74.095198,-39.556326,57929.603930,False
490,0.022582,5.966292,12.283533,57526.097166,False
491,0.019026,186.816877,-32.602697,57548.730204,False
492,0.013099,259.824269,19.747120,58051.440194,False
493,0.007139,89.485888,7.662371,58831.616291,True
494,0.020721,57.603327,-36.011275,57469.061663,False
495,0.022950,336.377820,4.303313,58220.624269,False
496,0.024807,234.092003,6.831610,57829.832382,False
497,0.020196,344.515914,-17.491786,58386.520365,False
498,0.023127,96.252828,43.455314,58312.857028,False
499,0.024728,271.557324,-3.861039,58515.986463,False
500,0.020011,134.069528,42.678815,58685.805552,False
501,0.013106,19.415271,51.907690,58715.168307,False
502,0.022804,239.068355,0.323627,58359.137366,False
503,0.011824,147.605929,55.577863,57403.598500,False
504,0.016543,33.688684,-13.655343,58723.886580,True
505,0.021573,119.216813,59.023056,58904.112730,False
506,0.023343,19.737157,32.405058,58626.945737,False
507,0.016443,137.182593,52.734993,58512.170316,False
508,0.018780,334.643954,59.148527,57764.960476,False
509,0.023650,98.199757,-38.112284,59018.798278,False
510,0.011547,311.480574,-2.260561,58442.482113,False
511,0.020628,312.290396,42.971285,57808.872259,False
512,0.024677,63.167876,-20.963468,57382.901672,False
513,0.022480,333.572985,59.352582,58203.171476,False
514,0.012890,147.063936,19.064456,57834.946251,True
515,0.011722,42.286728,77.806649,57889.820423,False
516,0.022088,62.281861,-27.425283,57602.305393,False
517,0.017508,65.791958,-37.109040,57834.902627,False
518,0.018305,70.709077,42.091079,58564.157463,False
519,0.023161,157.657027,2.561392,57434.895744,False
520,0.009381,212.549530,-30.592543,58620.401373,False
521,0.019924,161.554205,-22.141523,57764.188443,False
522,0.018725,8.702751,69.457367,57972.199751,False
523,0.024415,84.550847,18.962576,58495.987981,False
524,0.023904,111.723043,33.103688,58538.783342,False
525,0.015886,60.653963,66.738450,58113.176454,False
526,0.011979,67.097289,-29.894994,57770.161339,True
527,0.010657,208.378985,-38.878788,57705.033595,False
528,0.005354,20.348179,-14.945732,58546.379760,False
529,0.015809,211.530482,6.260323,57636.619681,False
530,0.022446,350.673314,20.001686,58638.673963,False
531,0.013485,4.594537,-1.347721,58912.306744,False
532,0.014562,156.005755,15.963041,58353.727901,False
533,0.022104,108.486030,-25.448365,58587.223058,False
534,0.018721,241.495706,42.977864,58683.250807,True
535,0.006975,79.472993,41.672254,58117.031864,False
536,0.022747,250.827566,53.036634,58367.060332,True
537,0.015397,85.421778,78.593549,57831.217297,False
538,0.004798,107.776226,-2.361982,57724.175660,False
539,0.019325,18.414625,55.161200,58590.310452,False
540,0.017426,125.707742,19.087549,57669.224141,False
541,0.014447,75.639101,-20.525999,58387.177727,False
542,0.014951,76.668763,27.676944,58311.578120,False
543,0.014506,231.575604,27.387839,57976.008949,False
544,0.014219,261.727574,34.304853,57435.967283,False
545,0.019336,49.235844,21.894381,58224.542094,False
546,0.012399,352.881565,-0.892323,57390.386865,False
547,0.015880,330.917354,51.192140,58669.824499,False
548,0.018255,309.012938,40.358118,58356.251779,False
549,0.015089,233.983198,47.331926,57992.243063,False
550,0.024440,160.105872,-32.486950,58836.340014,False
551,0.021733,260.179804,24.673685,57814.564448,False
552,0.012589,173.653110,66.501603,58278.942584,False
553,0.024231,0.572483,-23.410837,57635.192978,False
554,0.022571,344.499413,72.044994,58031.030175,False
555,0.021990,61.597676,19.941224,58884.004788,False
556,0.020326,348.122862,7.777892,58219.158527,False
557,0.016001,268.507169,69.921008,57529.349940,False
558,0.007329,356.075281,-38.796182,58631.132801,False
559,0.018526,100.074849,-7.096675,58472.721032,False
560,0.014126,164.771035,-12.127922,57874.467862,False
561,0.019457,63.873984,13.738159,58770.533812,False
562,0.021571,176.288160,54.289704,58787.662566,False
563,0.021853,52.990270,25.019012,57772.354709,False
564,0.022608,326.986550,-15.242033,57515.745920,False
565,0.018814,146.576079,-11.947264,58903.935948,True
566,0.014764,127.173887,50.203758,58428.286719,True
567,0.024166,346.310969,70.447923,57639.079728,False
568,0.005469,32.285463,34.253137,57638.184514,False
569,0.019566,199.435880,16.369902,59009.299882,False
570,0.021562,23.523276,-20.243530,57671.717574,False
571,0.021928,51.422562,73.232080,57852.634282,False
572,0.019753,172.183595,20.567813,58046.794587,False
573,0.015431,253.348851,5.543581,58761.339032,False
574,0.011616,233.272568,52.368681,58462.539989,False
575,0.012862,10.599533,49.312738,58579.112611,False
576,0.022155,161.387266,-2.954181,58440.334656,False
577,0.024151,271.261489,56.411045,58192.596742,False
578,0.016089,102.664966,25.734504,57455.485465,False
579,0.018862,212.481436,6.972012,57758.635022,False
580,0.022279,161.681097,-24.513044,57933.259750,False
581,0.012496,285.202932,-26.827626,57886.947912,False
582,0.022228,288.451967,59.568689,57938.772403,False
583,0.011890,255.735393,-28.496428,57910.612344,False
584,0.014062,157.730865,45.460578,58996.650136,False
585,0.023088,329.315371,49.220678,58385.617438,False
586,0.023601,279.935853,10.309344,58581.816543,False
587,0.021501,192.428158,-2.219317,57905.566761,False
588,0.022953,174.419491,67.706222,58175.865354,False
589,0.024525,321.849111,-18.343403,57825.458909,False
590,0.017531,267.226078,57.706972,57478.911812,False
591,0.015896,257.823847,-0.849192,58565.494485,False
592,0.020379,265.163702,-17.995178,57483.495762,False
593,0.020905,167.320806,-2.601904,57556.388069,False
594,0.020688,113.316820,72.643213,57996.971800,False
595,0.020433,355.194866,40.291159,58177.531336,False
596,0.016417,135.803211,72.242203,57922.796258,False
597,0.024199,180.108296,54.951963,58310.496586,False
598,0.020256,198.597084,59.335829,58533.795266,False
599,0.020295,61.875690,30.790236,57812.635035,False
600,0.022202,349.222881,54.513208,58368.156222,False
601,0.020477,134.915156,43.762359,57778.607772,False
602,0.023788,271.810953,-39.849490,58408.665744,False
603,0.017993,105.042914,18.784330,58526.261927,False
604,0.024202,104.444363,-37.938481,57749.030040,False
605,0.014237,124.400322,60.659639,58417.007763,False
606,0.020026,53.802331,41.126943,58082.818387,False
607,0.022673,159.801716,-33.635972,58443.637091,False
608,0.018202,29.067169,50.460092,58987.056723,False
609,0.016199,174.569298,-2.235771,57714.826935,False
610,0.020698,179.776312,15.269463,58034.404710,False
611,0.016032,358.633783,-4.920774,58600.537071,False
612,0.024740,255.688469,66.115761,58723.832938,False
613,0.018011,42.624280,5.257517,58849.512973,True
614,0.018776,284.778094,-20.119730,58624.539505,False
615,0.008744,15.612019,-0.535605,58984.847072,False
616,0.018623,15.843689,-31.604425,57854.947968,False
617,0.024099,189.244654,36.753576,58217.609071,False
618,0.017876,320.370265,-17.671914,58023.592132,False
619,0.010445,44.443997,25.663221,58707.668211,True
620,0.009815,209.891621,72.548224,58901.138518,False
621,0.024662,342.960606,-32.709809,58093.941697,False
622,0.023086,124.020782,43.057171,58780.228318,False
623,0.019577,13.137180,27.111144,58354.184011,False
624,0.015621,35.258149,-20.834410,59000.341205,False
625,0.013858,156.019981,36.166825,58406.196802,False
626,0.019643,133.227594,54.965942,57377.619473,False
627,0.021357,261.489926,30.421396,58927.046625,False
628,0.024580,333.631368,73.552055,58351.047484,False
629,0.024500,294.299935,19.912257,58397.677175,False
630,0.024364,68.921718,56.187937,57716.683334,False
631,0.019420,33.399035,77.925403,57883.187893,False
632,0.022993,52.721553,-35.700406,57812.722025,False
633,0.019712,163.440122,52.210900,58436.487529,False
634,0.022017,266.309714,-36.410840,57985.997356,False
635,0.018726,217.552115,-14.121146,57558.472543,False
636,0.021794,26.250872,77.825296,57438.749962,False
637,0.015978,70.856068,52.388174,58011.061241,False
638,0.023542,86.707991,72.405844,57990.827334,False
639,0.023219,133.235787,66.013674,58362.109547,False
640,0.015985,279.324347,54.273168,58868.088396,False
641,0.005503,260.985250,-9.012544,58912.431003,False
642,0.009727,292.272341,-2.998859,57383.338744,False
643,0.015843,305.262474,-14.328785,58322.810236,False
644,0.011700,223.544250,32.122348,57662.820059,False
645,0.018431,261.141756,-33.227012,57393.141483,False
646,0.015929,348.032845,30.893854,57427.927638,False
647,0.011062,74.003753,-29.327512,58482.108245,True
648,0.013444,249.318074,-19.303044,57930.736985,False
649,0.018702,304.513547,79.089085,57441.997578,False
650,0.024392,245.289520,-12.812330,58321.438965,False
651,0.023852,226.246265,13.035023,58618.392948,False
652,0.014294,67.933884,-26.810574,58104.779754,False
653,0.007367,37.890654,-1.707257,57849.377265,False
654,0.024423,137.402238,-2.702716,58568.018814,False
655,0.021332,242.432472,37.215270,58727.918643,False
656,0.021674,169.754048,33.947335,58845.139533,True
657,0.003584,195.780577,53.086708,58688.532405,True
658,0.018284,0.367687,62.267024,57669.603626,False
659,0.018080,332.282375,48.272979,57398.102318,False
660,0.019391,260.511927,50.413812,59020.250127,False
661,0.024343,295.824699,23.244294,58524.183679,False
662,0.021001,193.843368,2.092805,58195.106011,False
663,0.016921,348.287752,21.442573,57616.603276,False
664,0.015432,73.863531,54.973690,58506.706353,False
665,0.013360,230.544221,-24.739233,57575.986038,True
666,0.011968,223.781390,50.939272,58150.334415,False
667,0.019615,347.120408,27.433751,57403.835036,False
668,0.017260,142.245146,20.139485,58335.842080,False
669,0.022353,214.356335,-6.777628,58606.346263,False
670,0.023330,265.755381,33.323109,58813.102390,False
671,0.019890,280.614469,-31.453595,58182.512334,False
672,0.012334,101.881837,-23.303237,58389.744687,False
673,0.004924,4.054052,21.191851,58402.760063,True
674,0.024371,353.283291,35.096006,57914.773005,False
675,0.021554,89.283164,50.168878,58865.695351,False
676,0.009841,175.459517,14.224127,57918.401680,False
677,0.021742,23.833884,46.016873,58503.178052,False
678,0.020531,239.950250,-13.508244,58405.569546,False
679,0.019465,35.333739,-21.853291,57658.680989,True
680,0.022974,53.046364,-8.389339,58387.962426,False
681,0.021720,59.963315,-8.490712,57441.225505,False
682,0.024037,357.776883,66.287971,58325.482441,False
683,0.021842,264.759915,-0.144498,58009.401948,True
684,0.023904,152.282399,-21.411427,58701.471373,False
685,0.007644,87.440414,39.385065,57836.039174,False
686,0.006725,169.480579,-26.083157,57893.324569,True
687,0.012611,216.374204,-10.672732,57824.457909,False
688,0.016191,180.926072,-37.314221,58786.248816,False
689,0.019950,48.113294,76.936783,58683.100225,False
690,0.015264,58.203802,18.190711,58811.130880,False
691,0.022472,163.997398,49.481424,58350.616737,False
692,0.024423,238.990897,-0.662124,58504.415129,False
693,0.012023,350.978374,-3.205061,57428.990542,False
694,0.021794,158.466272,40.156396,58058.366236,False
695,0.021463,45.885801,50.853800,57860.920451,False
696,0.006970,169.352683,64.008909,57940.539146,False
697,0.015263,104.832191,75.724251,57960.876491,False
698,0.021751,274.563607,-32.804883,57596.723648,False
699,0.014785,152.413007,48.708889,58471.602647,False
700,0.011302,299.986094,5.393011,57821.715257,False
701,0.022162,294.031229,58.484246,58525.041541,False
702,0.024180,218.067594,-27.187669,58599.227760,False
703,0.019562,336.412554,-30.470199,58632.970762,True
704,0.007199,285.579166,69.690959,58937.600829,False
705,0.022803,94.543130,66.121186,58281.360436,False
706,0.014611,69.907261,-12.825534,58025.803679,False
707,0.020250,148.646620,28.530501,57844.194843,False
708,0.021475,171.066532,-10.875645,58102.171683,False
709,0.009396,101.576996,58.415184,57698.336177,False
710,0.024532,34.246913,-19.806431,58099.825937,False
711,0.017139,41.483209,22.253473,57854.600736,False
712,0.021802,15.192937,49.709879,57741.715191,False
713,0.020014,164.707387,-6.128725,58522.618454,False
714,0.024188,237.742491,-0.448558,58362.365566,False
715,0.022250,299.233792,10.251342,58534.295721,False
716,0.023503,159.504193,0.258832,57667.743084,False
717,0.024873,328.082061,-4.637692,58468.322735,False
718,0.019407,157.659150,-28.218195,57602.300073,False
719,0.023569,157.758176,77.973639,57966.133566,False
720,0.006207,297.546492,-19.106157,58485.633121,False
721,0.018602,273.963399,-33.015840,57594.871395,False
722,0.022644,205.700703,-5.286487,58711.648262,False
723,0.013029,150.376490,61.664777,57798.450646,False
724,0.023408,108.969709,50.168167,58163.568108,False
725,0.015914,215.680618,16.341763,58471.976424,False
726,0.024110,216.674378,-31.488707,57598.039283,False
727,0.012746,269.836869,4.776115,57442.871830,False
728,0.023886,21.375119,4.017317,58143.496163,False
729,0.017729,282.084128,-9.488067,58741.696949,False
730,0.015004,141.513568,-1.152743,58047.727945,False
731,0.020306,247.394332,36.606313,58556.341735,False
732,0.023821,342.732003,36.102289,57869.442380,False
733,0.018557,155.820353,-5.617049,58942.074647,False
734,0.020500,161.656339,40.907222,58628.972022,True
735,0.023867,156.981891,18.423175,58012.288141,False
736,0.022546,315.399839,59.210432,58843.875862,False
737,0.017167,239.995474,50.998263,58024.669931,False
738,0.018987,186.891917,-27.023426,58662.829127,False
739,0.016057,319.287214,24.076699,58424.970414,False
740,0.024166,211.758792,-32.205720,58372.516883,False
741,0.023551,73.648262,63.654242,58645.616189,False
742,0.022037,75.777197,-28.575901,58020.154851,False
743,0.018520,113.059232,3.571579,57842.681860,False
744,0.017809,137.850694,-15.229074,57452.302402,True
745,0.006788,42.330285,39.895968,58903.752954,True
746,0.015049,116.508263,63.580107,58719.970482,False
747,0.015298,84.385164,37.364448,58001.704950,False
748,0.024061,337.757189,-20.216403,58491.230944,False
749,0.021746,334.848817,78.975632,57943.471644,False
750,0.023830,325.219284,-21.573953,57889.652280,False
751,0.024275,10.638203,-14.324143,57395.578425,False
752,0.014748,7.080832,-25.679477,58973.618889,False
753,0.019322,321.286654,-30.481476,57634.036000,False
754,0.020544,77.988901,45.459242,57699.768095,False
755,0.022988,308.655368,11.459415,57700.259417,False
756,0.023992,309.413628,68.069807,58378.460418,False
757,0.020983,336.959793,38.341379,58629.568577,False
758,0.024369,329.209642,-17.770777,57943.592571,False
759,0.018343,216.299718,1.815756,57405.707413,False
760,0.020657,200.954785,46.012379,57901.367716,False
761,0.024991,176.151235,-8.572931,58207.945011,False
762,0.017235,3.532502,65.920121,58097.132917,False
763,0.024318,8.814809,-28.993739,57708.797182,False
764,0.020352,34.084061,-11.657283,58845.074464,True
765,0.017739,78.292206,78.280245,58148.631917,False
766,0.023401,127.012400,63.788097,57570.615669,False
767,0.010858,151.137465,-2.021070,57570.220388,False
768,0.017480,45.815712,-8.605368,57380.820412,False
769,0.014494,101.703319,53.244535,58515.617874,False
770,0.023187,280.502774,22.918531,57661.666146,False
771,0.021428,331.483707,48.482051,58459.190123,False
772,0.018547,84.595357,-35.097410,59011.810016,False
773,0.010249,195.595880,-37.808612,58027.915595,False
774,0.015516,203.544628,-21.648763,58604.247485,True
775,0.022673,260.913654,54.274269,57558.183768,False
776,0.018677,130.724586,25.973903,57563.180432,False
777,0.010835,25.508409,22.606596,57494.889243,False
778,0.022794,184.803892,15.330141,58133.860308,False
779,0.005276,56.503067,61.446395,58257.792165,False
780,0.013347,111.920340,77.718733,57547.634623,False
781,0.015456,69.903585,56.916310,57586.322173,False
782,0.020091,136.243435,31.832585,58777.578659,False
783,0.020920,270.806129,-38.976387,57527.403238,False
784,0.010767,127.052950,53.717826,57563.105782,False
785,0.016390,245.906132,8.856916,58921.157259,False
786,0.009466,189.200969,-14.718776,58439.449392,False
787,0.016535,259.476225,21.750374,57724.695771,False
788,0.023086,183.981127,44.828032,57886.235212,False
789,0.019633,315.144363,48.253641,58196.784208,False
790,0.010644,302.693569,-13.975959,58620.859433,True
791,0.022975,293.423075,-8.433218,57919.556976,False
792,0.023836,348.652733,-10.460202,58208.446956,False
793,0.015384,180.939160,77.821805,58161.875903,False
794,0.018558,41.258609,-9.630940,57382.499162,False
795,0.024338,33.075413,-22.012748,58121.031849,False
796,0.024135,336.398033,35.033402,57450.358214,False
797,0.004058,170.893727,35.092622,58563.199990,True
798,0.020193,73.660522,12.984036,57855.231416,False
799,0.021765,184.806482,63.238265,58951.171905,False
800,0.021964,248.010831,35.946708,58623.794400,False
801,0.017187,19.292239,-35.799754,58114.658501,False
802,0.022469,166.903192,60.123367,58859.319799,False
803,0.012136,215.422360,31.366767,58269.103834,True
804,0.024174,81.409200,7.066005,58038.292319,False
805,0.024973,95.884845,3.622552,57440.207487,False
806,0.024880,162.933868,33.592910,58960.870951,False
807,0.013712,83.122035,-28.498681,57882.315493,False
808,0.021074,257.724197,33.054909,58980.181688,False
809,0.020574,333.398745,-22.837881,58905.160390,False
810,0.024126,301.614090,14.176248,58346.194387,False
811,0.022914,340.576613,35.280042,58212.240877,False
812,0.008975,183.559280,6.493711,57850.823988,False
813,0.023243,55.644757,51.865004,58327.146831,False
814,0.020404,306.982954,51.381088,58735.564677,False
815,0.013037,171.599858,0.964722,58618.106595,False
816,0.023652,99.169784,-25.281914,57507.986840,False
817,0.009581,358.209155,35.792117,58073.887015,True
818,0.011711,76.537574,-0.751942,58388.215166,False
819,0.020411,155.874047,18.595577,58959.025531,True
820,0.021054,146.120717,-39.458846,57868.653142,False
821,0.013703,241.311403,-16.645629,57578.004081,False
822,0.016154,121.115581,38.724174,58288.464738,False
823,0.023116,319.626159,68.289959,58160.545677,False
824,0.023872,135.740206,72.397730,58340.491563,False
825,0.013945,180.487156,15.066325,58035.358331,False
826,0.016964,44.734964,40.211826,58681.813462,False
827,0.022177,233.431061,-6.626211,58594.062871,False
828,0.015808,177.095801,5.770908,58831.540506,False
829,0.017889,164.903661,-14.865493,57681.899276,False
830,0.015076,327.200938,49.944361,58862.940115,False
831,0.014000,230.054536,47.571569,58622.237201,False
832,0.022446,94.355522,14.628224,57935.061764,False
833,0.024784,310.389542,76.519766,57715.556859,False
834,0.019182,269.718842,10.659318,58903.114530,True
835,0.012945,124.865130,-7.007361,57585.073420,False
836,0.019383,152.499392,6.121269,58464.526181,False
837,0.017487,180.010679,16.922682,58301.604372,True
838,0.023338,301.223037,38.347562,57910.410800,False
839,0.023081,171.116136,22.970474,58928.554751,False
840,0.017996,59.730715,28.538317,57785.610406,False
841,0.017669,190.750877,66.797991,58468.307082,False
842,0.019946,37.465622,-25.727881,58589.034341,False
843,0.019854,81.034097,79.227603,57593.501720,False
844,0.020901,109.749464,-15.366069,58194.855037,False
845,0.024420,41.087639,59.188429,58617.479779,False
846,0.024963,272.392085,-33.347225,57898.043527,False
847,0.024843,18.498438,19.038802,57388.455068,False
848,0.022250,111.216762,3.091032,58049.268404,False
849,0.023292,301.052769,-34.675163,58399.437975,False
850,0.022557,188.184487,-20.410385,57655.322416,False
851,0.016867,358.102256,-32.767940,57989.518805,False
852,0.021663,199.307081,5.210192,58586.712125,False
853,0.024711,45.715350,-18.355861,57388.353633,False
854,0.021897,15.457418,-16.922584,57718.182756,False
855,0.023510,232.410872,-16.158123,58440.467769,False
856,0.019877,230.547680,55.169533,57599.556216,False
857,0.018644,65.996241,37.697171,57850.768112,False
858,0.022362,75.014629,35.805310,57722.269380,False
859,0.015279,301.477879,39.443229,58100.445631,False
860,0.022461,210.015878,-17.710915,58384.865654,False
861,0.012089,274.208399,51.814473,58507.728275,False
862,0.007592,145.039200,-6.695674,58966.807362,True
863,0.023943,119.087342,-7.824153,58994.058972,False
864,0.021575,72.171511,54.539083,58549.812956,False
865,0.014661,265.356509,75.059535,57431.325553,False
866,0.021569,17.447015,30.079463,58272.292289,False
867,0.011410,124.005141,-26.036515,57926.139596,False
868,0.024243,83.568991,-9.428783,57438.493362,False
869,0.012683,345.347290,40.509192,58172.575931,False
870,0.014221,213.518705,4.891467,58567.498594,True
871,0.020458,271.138678,66.427079,57669.159526,False
872,0.021295,356.770522,-22.102211,58748.557652,False
873,0.013454,357.456267,58.211635,58201.961343,False
874,0.024567,333.705860,-4.598233,57665.945661,False
875,0.017894,214.726216,-21.411483,58427.108076,False
876,0.024908,175.708551,-15.433589,58072.056620,False
877,0.023961,223.902915,-13.631135,58525.390586,False
878,0.023131,3.113187,53.848839,57918.162235,False
879,0.009818,314.683905,7.670936,58830.368509,True
880,0.013543,329.799705,48.258000,57723.141372,False
881,0.020466,333.290730,-31.819222,58594.276495,False
882,0.024481,49.009813,33.405499,57384.016985,False
883,0.015703,63.157973,7.257966,57408.659620,False
884,0.018952,270.421913,76.524309,57635.802246,False
885,0.022699,144.746892,77.131086,58056.031075,False
886,0.020537,128.532453,52.717575,57517.750093,False
887,0.012056,136.781825,78.120791,58846.039878,False
888,0.015646,207.244735,-17.982210,58271.844624,False
889,0.016020,318.963496,14.337661,58077.193576,False
890,0.005869,71.567827,66.468408,58092.973745,False
891,0.021931,249.096990,55.885623,57748.209805,False
892,0.020529,222.498999,-29.455337,58502.443909,False
893,0.016374,89.624205,-19.544783,58257.649226,False
894,0.024422,138.093029,-21.633277,58821.397227,False
895,0.009936,291.247253,-33.482122,58227.321543,False
896,0.016857,9.771348,13.010624,57424.706214,False
897,0.014905,212.584985,1.531100,58921.191038,False
898,0.022939,191.244812,6.170973,57867.402017,False
899,0.007078,200.272188,51.810278,58291.594565,False
900,0.014004,228.986869,-36.524232,58422.282860,False
901,0.013059,27.022364,54.486257,57816.039967,False
902,0.020571,202.890636,-27.414575,58215.783881,False
903,0.022520,238.186888,-12.822824,58175.712501,False
904,0.015444,273.737623,-14.891243,58545.894479,False
905,0.021033,96.815687,-2.967375,58674.182841,False
906,0.016411,319.579126,44.630009,58546.325881,False
907,0.012042,149.752080,-2.601447,57722.359774,False
908,0.023050,15.723420,78.903986,57409.584550,False
909,0.017855,229.954660,-24.236055,57728.167297,False
910,0.014719,88.500874,2.707948,58596.307628,False
911,0.014208,220.972810,-12.602825,57457.088988,False
912,0.009841,159.518524,27.113429,58533.152357,False
913,0.013927,147.858628,52.417702,58941.370530,False
914,0.020005,21.953123,56.915247,58877.352200,False
915,0.019287,258.549511,10.976607,58576.638770,True
916,0.023149,184.017266,38.048426,58753.386740,False
917,0.012777,319.195801,76.870759,57560.680352,False
918,0.016268,111.666749,-20.091295,58011.679327,False
919,0.018151,5.874731,26.675843,57581.593159,False
920,0.019897,277.528508,-9.215760,58536.214000,False
921,0.013880,92.172000,32.350989,58724.899078,False
922,0.024407,30.982854,47.347041,57827.597623,False
923,0.004291,294.581612,15.413697,58077.286400,False
924,0.018539,110.544026,12.977940,58418.343557,False
925,0.018404,42.202041,41.006826,57582.290828,False
926,0.024867,271.123843,-19.035767,58077.136358,False
927,0.008018,313.693102,-26.806642,58023.300519,True
928,0.022864,137.115686,36.758925,57647.585540,False
929,0.024778,345.512815,14.188896,57383.779099,False
930,0.008775,91.633172,45.756108,58129.784381,True
931,0.021477,324.425824,2.365150,58466.261229,False
932,0.024280,287.572994,-13.106847,58481.285076,False
933,0.014200,52.629056,22.552655,57653.208113,False
934,0.017356,11.554766,-37.943719,58655.563884,False
935,0.018658,157.585600,50.661512,58824.097477,True
936,0.024617,196.348847,63.780210,58414.119520,False
937,0.018522,24.779528,47.514449,58693.097542,False
938,0.017549,326.998978,33.630612,59011.747254,False
939,0.021069,99.784218,33.769864,57681.874077,False
940,0.019284,119.273368,59.803890,58850.061438,False
941,0.014072,351.151704,50.088189,58602.367775,False
942,0.022332,295.916726,54.800728,57551.690263,False
943,0.023149,326.166739,54.591971,57738.258202,False
944,0.021736,279.826035,17.552604,57516.258585,False
945,0.020253,163.509222,-16.459882,57799.144827,False
946,0.021706,239.561474,-28.053746,58755.637252,False
947,0.016646,278.949350,34.344908,58940.254117,False
948,0.014304,72.294784,68.655218,57814.678166,False
949,0.022408,318.344464,61.857404,58247.518536,False
950,0.016416,317.220235,-17.513523,58534.880019,False
951,0.014241,132.887205,38.808936,57741.535965,False
952,0.016084,281.256215,-17.832483,57382.664822,False
953,0.016804,21.200066,77.699940,57420.562594,False
954,0.018557,201.085413,20.443917,58227.018379,False
955,0.017128,170.416458,5.131032,58350.062794,False
956,0.009580,317.827223,-18.219311,58090.298642,True
957,0.018534,44.623812,67.478871,58451.850709,False
958,0.012202,227.886435,25.036187,58429.838145,False
959,0.017722,256.447978,49.746254,57861.698798,False
960,0.019655,278.318285,69.547233,58252.419494,False
961,0.022897,269.406822,19.191554,58205.765345,False
962,0.024010,359.907159,-35.673910,57740.464725,False
963,0.017433,318.039093,4.929135,58362.786558,False
964,0.016503,330.289755,55.011900,57490.582511,False
965,0.012660,323.442870,22.926391,58408.957137,True
966,0.019931,92.381377,-17.105276,58909.502258,False
967,0.013420,172.669579,-3.273167,57936.839820,False
968,0.013989,292.794600,78.849698,57906.545273,False
969,0.020431,351.908804,30.545250,57979.253590,False
970,0.011148,95.094527,-37.764435,57653.790758,False
971,0.024950,289.104380,-12.791864,58470.380982,False
972,0.024078,188.898157,67.963095,58610.629739,False
973,0.020964,9.121637,50.904707,58840.888041,False
974,0.010864,26.586825,-15.040662,57788.180165,False
975,0.024971,329.423342,-24.765776,58908.641092,False
976,0.018244,261.505732,65.300336,57565.489465,False
977,0.024213,121.298529,30.126681,58099.793535,False
978,0.019920,54.857746,-28.460726,58533.644167,False
979,0.018803,63.271091,-23.381128,58935.728310,False
980,0.022436,327.624420,-25.444111,58818.671828,False
981,0.024355,320.652694,-9.408626,58570.693864,False
982,0.020350,0.039660,55.490109,57653.628314,False
983,0.016211,250.120486,-29.530789,58187.957277,False
984,0.024441,49.651015,-2.830026,57727.236587,False
985,0.018708,322.041078,70.052516,57729.111874,False
986,0.021281,85.510620,56.767667,59014.239393,False
987,0.023511,291.393163,-29.360941,57669.377338,False
988,0.020742,130.819140,27.589582,58590.259185,False
989,0.021722,217.515772,-32.460511,57533.050675,False
990,0.019176,125.000851,24.204017,57914.960121,False
991,0.013658,343.652969,73.573169,57488.598691,False
992,0.019351,298.023337,40.875187,58550.015815,False
993,0.023346,198.896928,-38.797514,58488.423643,False
994,0.023388,357.482058,69.538132,57906.815607,False
995,0.012465,1.286030,-25.866158,57480.561410,False
996,0.024716,191.203562,22.927853,58814.488165,False
997,0.015388,351.294306,-3.611852,58515.204506,False
998,0.007100,131.553893,0.596314,57530.535808,False
999,0.014322,224.723112,46.858087,57955.596529,True
